City_ID,City,Country,Date,Lat,Lng,Max Temp,Humidity,Cloudiness,Wind Speed
0,Klyuchi,RU,2021-05-26 17:26:25,52.2667,79.1667,82.76,22,24,8.28
1,Aklavik,CA,2021-05-26 17:26:26,68.2191,-135.0107,34.52,74,90,13.8
2,Jamestown,US,2021-05-26 17:22:14,42.097,-79.2353,80.02,61,40,7.0
3,Albany,US,2021-05-26 17:26:21,42.6001,-73.9662,89.28,52,41,3.0
4,New Norfolk,AU,2021-05-26 17:26:26,-42.7826,147.0587,46.65,65,98,1.99
5,Ponta Delgada,PT,2021-05-26 17:26:26,37.7333,-25.6667,63.32,82,75,19.57
6,Cape Town,ZA,2021-05-26 17:26:26,-33.9258,18.4232,62.1,76,0,1.01
7,Manggar,ID,2021-05-26 17:26:27,-2.8833,108.2667,83.25,77,83,7.94
8,Mar Del Plata,AR,2021-05-26 17:26:27,-38.0023,-57.5575,63.12,57,0,15.01
9,Tiksi,RU,2021-05-26 17:26:27,71.6872,128.8694,31.66,98,85,1.74
10,Upernavik,GL,2021-05-26 17:23:01,72.7868,-56.1549,32.79,86,64,9.69
11,Ambovombe,MG,2021-05-26 17:26:28,-25.1667,46.0833,68.47,86,0,7.29
12,Palapye,BW,2021-05-26 17:26:28,-22.546,27.1251,63.52,30,28,4.63
13,Hermanus,ZA,2021-05-26 17:26:28,-34.4187,19.2345,60.91,83,90,2.91
14,Vaini,TO,2021-05-26 17:26:29,-21.2,-175.2,64.56,100,40,2.3
15,Rikitea,PF,2021-05-26 17:26:29,-23.1203,-134.9692,76.71,79,38,25.12
16,Alta Floresta,BR,2021-05-26 17:22:49,-9.8756,-56.0861,93.02,38,40,9.22
17,Rajura,IN,2021-05-26 17:26:29,19.7833,79.3667,96.82,25,100,12.91
18,Yellowknife,CA,2021-05-26 17:25:00,62.456,-114.3525,49.32,36,40,3.0
19,Ushuaia,AR,2021-05-26 17:26:30,-54.8,-68.3,31.62,93,90,17.27
20,Mabaruma,GY,2021-05-26 17:26:30,8.2,-59.7833,74.14,99,100,3.51
21,Hilo,US,2021-05-26 17:26:30,19.7297,-155.09,75.25,79,90,5.75
22,Eureka,US,2021-05-26 17:24:01,40.8021,-124.1637,61.66,85,36,3.0
23,Nouadhibou,MR,2021-05-26 17:26:30,20.931,-17.0347,71.58,64,1,24.16
24,Bluff,NZ,2021-05-26 17:26:31,-46.6,168.3333,40.6,84,56,10.4
25,Punta Arenas,CL,2021-05-26 17:26:31,-53.15,-70.9167,37.51,70,40,18.9
26,Iqaluit,CA,2021-05-26 17:22:06,63.7506,-68.5145,29.93,74,90,4.0
27,Mataura,NZ,2021-05-26 17:23:02,-46.1927,168.8643,33.44,85,36,3.27
28,Atuona,PF,2021-05-26 17:23:39,-9.8,-139.0333,78.89,73,33,11.88
29,San Quintin,MX,2021-05-26 17:26:32,30.4833,-115.95,67.86,61,33,8.03
30,Esperance,AU,2021-05-26 17:26:32,-33.8667,121.9,53.44,67,96,15.1
31,Port Elizabeth,ZA,2021-05-26 17:26:32,-33.918,25.5701,59.09,88,0,4.61
32,Avera,US,2021-05-26 17:26:32,33.194,-82.5271,92.71,38,42,6.15
33,Damaturu,NG,2021-05-26 17:26:33,11.747,11.9608,101.21,12,6,2.13
34,Kruisfontein,ZA,2021-05-26 17:26:33,-34.0033,24.7314,56.88,84,81,2.35
35,Victoria,HK,2021-05-26 17:25:01,22.2855,114.1577,86.32,84,68,1.99
36,Talnakh,RU,2021-05-26 17:26:33,69.4865,88.3972,15.84,96,30,4.72
37,Ilulissat,GL,2021-05-26 17:26:34,69.2167,-51.1,57.22,33,75,13.8
38,Pevek,RU,2021-05-26 17:26:34,69.7008,170.3133,24.69,87,15,1.88
39,Bengkulu,ID,2021-05-26 17:24:05,-3.8004,102.2655,78.1,84,100,4.63
40,Likasi,CD,2021-05-26 17:26:34,-10.9814,26.7333,58.82,61,1,2.3
41,Cidreira,BR,2021-05-26 17:26:35,-30.1811,-50.2056,66.34,48,0,6.02
42,Kushima,JP,2021-05-26 17:26:35,31.4583,131.2333,65.03,97,100,6.35
43,Mahebourg,MU,2021-05-26 17:25:05,-20.4081,57.7,73.69,88,75,3.44
44,Chegutu,ZW,2021-05-26 17:26:35,-18.1302,30.1407,60.73,28,0,1.74
45,Mandan,US,2021-05-26 17:26:36,46.8267,-100.8896,50.04,70,90,8.05
46,Deputatskiy,RU,2021-05-26 17:26:36,69.3,139.9,40.19,78,47,8.55
47,Carnarvon,AU,2021-05-26 17:26:36,-24.8667,113.6333,60.87,59,100,9.22
48,Vestmannaeyjar,IS,2021-05-26 17:26:36,63.4427,-20.2734,45.59,93,90,28.77
49,Guerrero Negro,MX,2021-05-26 17:26:37,27.9769,-114.0611,69.57,55,98,10.56
50,Kokopo,PG,2021-05-26 17:26:37,-4.352,152.2633,75.79,91,100,5.59
51,Jiuquan,CN,2021-05-26 17:26:37,39.7432,98.5174,70.59,16,0,11.56
52,Saldanha,ZA,2021-05-26 17:26:38,-33.0117,17.9442,57.25,80,89,6.51
53,Port Blair,IN,2021-05-26 17:23:58,11.6667,92.75,83.98,83,100,16.64
54,Sao Jose Da Coroa Grande,BR,2021-05-26 17:26:38,-8.8978,-35.1478,81.88,64,13,12.21
55,Ferrol,ES,2021-05-26 17:25:24,43.4832,-8.2369,63.36,83,36,12.62
56,Hobart,AU,2021-05-26 17:24:03,-42.8794,147.3294,47.01,85,40,9.4
57,Oyama,JP,2021-05-26 17:26:38,36.3,139.8,71.58,61,100,3.89
58,Pangnirtung,CA,2021-05-26 17:26:39,66.1451,-65.7125,32.0,80,20,11.5
59,Kapaa,US,2021-05-26 17:26:39,22.0752,-159.319,73.38,82,20,7.38
60,Busselton,AU,2021-05-26 17:23:28,-33.65,115.3333,53.04,64,100,12.21
61,Tonj,SS,2021-05-26 17:26:39,7.2737,28.6822,81.32,57,88,1.23
62,Rio Pardo De Minas,BR,2021-05-26 17:26:40,-15.6097,-42.5397,87.6,28,7,6.67
63,Zhigansk,RU,2021-05-26 17:26:40,66.7697,123.3711,48.88,61,93,7.09
64,Candolim,IN,2021-05-26 17:26:40,15.5181,73.7626,86.0,74,40,15.52
65,Quatre Cocos,MU,2021-05-26 17:24:13,-20.2078,57.7625,73.51,85,22,6.98
66,Sheboygan,US,2021-05-26 17:26:41,43.7333,-87.9334,73.74,54,1,8.01
67,Nanortalik,GL,2021-05-26 17:23:06,60.1432,-45.2371,34.41,96,100,8.9
68,Kavieng,PG,2021-05-26 17:26:41,-2.5744,150.7967,80.37,84,100,8.25
69,Hithadhoo,MV,2021-05-26 17:26:41,-0.6,73.0833,83.62,73,94,19.73
70,Atar,MR,2021-05-26 17:24:39,20.5169,-13.0499,103.75,9,1,10.6
71,Praia,CV,2021-05-26 17:26:42,14.9215,-23.5087,81.14,54,20,21.85
72,Bondo,CD,2021-05-26 17:26:42,3.8146,23.6866,74.41,88,100,2.82
73,Codrington,AU,2021-05-26 17:26:42,-38.2667,141.9667,52.81,84,37,14.0
74,Kupang,ID,2021-05-26 17:26:42,-10.1667,123.5833,78.82,76,38,14.25
75,Ballina,AU,2021-05-26 17:26:43,-28.8667,153.5667,59.95,92,90,2.3
76,Torbay,CA,2021-05-26 17:26:43,47.6666,-52.7314,53.49,89,75,2.3
77,Lebu,CL,2021-05-26 17:26:43,-37.6167,-73.65,60.66,81,98,8.12
78,Bontang,ID,2021-05-26 17:26:44,0.1333,117.5,79.25,86,26,3.13
79,Mezen,RU,2021-05-26 17:26:44,65.8522,44.24,38.86,59,56,7.36
80,Port Hardy,CA,2021-05-26 17:26:44,50.6996,-127.4199,50.18,76,90,6.91
81,Kodiak,US,2021-05-26 17:23:16,57.79,-152.4072,53.11,50,1,12.66
82,Paragominas,BR,2021-05-26 17:26:45,-2.9667,-47.4833,90.9,48,12,4.88
83,Pangai,TO,2021-05-26 17:26:45,-19.8,-174.35,71.71,83,75,4.61
84,Provideniya,RU,2021-05-26 17:26:45,64.3833,-173.3,43.56,47,69,16.33
85,Sorland,NO,2021-05-26 17:26:45,67.667,12.6934,44.46,81,2,22.82
86,Chuy,UY,2021-05-26 17:26:46,-33.6971,-53.4616,61.05,50,36,9.55
87,Qaanaaq,GL,2021-05-26 17:23:12,77.484,-69.3632,35.15,73,5,4.21
88,Weligama,LK,2021-05-26 17:26:46,5.9667,80.4167,80.17,84,83,17.65
89,Ossora,RU,2021-05-26 17:26:46,59.2353,163.0719,33.98,99,100,6.82
90,Bathsheba,BB,2021-05-26 17:26:47,13.2167,-59.5167,86.61,54,40,15.93
91,Thompson,CA,2021-05-26 17:23:45,55.7435,-97.8558,28.56,54,75,6.91
92,Adrar,MR,2021-05-26 17:26:47,20.5022,-10.0711,101.73,13,9,9.98
93,Castro,BR,2021-05-26 17:23:41,-24.7911,-50.0119,64.87,48,96,2.84
94,Saint-Philippe,RE,2021-05-26 17:26:48,-21.3585,55.7679,72.99,83,53,3.56
95,Nishihara,JP,2021-05-26 17:26:48,26.1842,127.7558,80.26,94,20,17.47
96,Avarua,CK,2021-05-26 17:26:48,-21.2078,-159.775,78.85,89,75,4.61
97,Yulara,AU,2021-05-26 17:24:36,-25.2406,130.9889,48.04,61,38,8.05
98,Kahului,US,2021-05-26 17:24:11,20.8947,-156.47,78.84,78,40,5.75
99,East London,ZA,2021-05-26 17:26:49,-33.0153,27.9116,63.54,88,75,5.75
100,Rio Frio,MX,2021-05-26 17:26:49,19.35,-98.6667,62.82,35,91,2.62
101,Ribeira Grande,PT,2021-05-26 17:26:49,38.5167,-28.7,66.6,48,20,9.22
102,Bayan,CN,2021-05-26 17:26:49,46.0833,127.4,49.93,48,42,3.4
103,Butaritari,KI,2021-05-26 17:23:27,3.0707,172.7902,83.34,78,100,19.91
104,Skibbereen,IE,2021-05-26 17:26:50,51.55,-9.2667,57.0,68,98,6.58
105,Nemuro,JP,2021-05-26 17:24:41,43.3236,145.575,44.33,79,28,13.42
106,Shuyskoye,RU,2021-05-26 17:26:50,59.3736,41.0305,50.27,66,55,8.84
107,Bara,NG,2021-05-26 17:22:09,10.3744,10.7288,100.22,18,18,1.79
108,Kyrylivka,UA,2021-05-26 17:26:51,46.3759,35.3675,67.03,65,5,4.21
109,Salalah,OM,2021-05-26 17:24:38,17.0151,54.0924,84.29,79,20,5.75
110,Lavrentiya,RU,2021-05-26 17:26:51,65.5833,-171.0,33.89,73,24,11.95
111,Hirara,JP,2021-05-26 17:26:51,24.8,125.2833,82.27,87,53,19.1
112,Aswan,EG,2021-05-26 17:26:52,24.0934,32.907,95.68,9,0,7.76
113,Cockburn Town,TC,2021-05-26 17:24:33,21.4612,-71.1419,78.73,78,9,16.17
114,Geraldton,AU,2021-05-26 17:26:52,-28.7667,114.6,55.81,54,100,15.55
115,Alofi,NU,2021-05-26 17:26:52,-19.0595,-169.9187,75.09,94,88,3.44
116,Kununurra,AU,2021-05-26 17:26:53,-15.7667,128.7333,73.38,68,40,5.75
117,Severo-Kurilsk,RU,2021-05-26 17:26:53,50.6789,156.125,38.01,98,100,15.35
118,Komsomolskiy,UZ,2021-05-26 17:26:53,40.4272,71.7189,72.82,32,56,6.64
119,Puerto Ayora,EC,2021-05-26 17:26:53,-0.7393,-90.3518,82.36,87,28,8.99
120,Celendin,PE,2021-05-26 17:26:54,-6.8703,-78.1517,70.32,55,19,2.57
121,Cherskiy,RU,2021-05-26 17:24:07,68.75,161.3,51.33,47,27,3.36
122,Raahe,FI,2021-05-26 17:26:54,64.6833,24.4833,52.2,72,42,17.18
123,Coquimbo,CL,2021-05-26 17:26:11,-29.9533,-71.3436,58.73,82,0,4.47
124,Knokke-Heist,BE,2021-05-26 17:26:54,51.3333,3.3333,59.0,75,34,8.99
125,Clyde River,CA,2021-05-26 17:26:55,70.4692,-68.5914,32.23,80,20,17.27
126,Vitim,RU,2021-05-26 17:26:55,59.4511,112.5578,42.73,80,71,3.27
127,Maniitsoq,GL,2021-05-26 17:26:55,65.4167,-52.9,41.36,83,100,10.25
128,Arraial Do Cabo,BR,2021-05-26 17:26:39,-22.9661,-42.0278,76.96,69,40,8.05
129,Chapais,CA,2021-05-26 17:26:56,49.7834,-74.8492,71.38,72,100,17.58
130,Fairbanks,US,2021-05-26 17:26:56,64.8378,-147.7164,53.56,56,1,3.44
131,Sayyan,YE,2021-05-26 17:26:56,15.1718,44.3244,71.33,17,58,11.12
132,Pomabamba,PE,2021-05-26 17:26:57,-8.8333,-77.4667,58.19,52,18,5.88
133,Poum,NC,2021-05-26 17:26:57,-20.2333,164.0167,71.6,60,38,11.56
134,Narsaq,GL,2021-05-26 17:23:51,60.9167,-46.05,34.02,97,100,4.61
135,Bonavista,CA,2021-05-26 17:26:57,48.6499,-53.1147,51.8,88,97,9.75
136,Barrow,US,2021-05-26 17:26:58,71.2906,-156.7887,30.22,86,90,14.97
137,Katobu,ID,2021-05-26 17:26:58,-4.9408,122.5276,75.6,95,93,4.79
138,Alexandria,EG,2021-05-26 17:26:37,31.2156,29.9553,75.16,73,0,12.66
139,Bayir,TR,2021-05-26 17:26:58,37.2687,28.2167,77.83,44,18,2.73
140,Shumikha,RU,2021-05-26 17:26:59,55.2261,63.2961,59.16,50,3,10.98
141,Porto Velho,BR,2021-05-26 17:26:59,-8.7619,-63.9039,87.85,55,40,8.05
142,Florianopolis,BR,2021-05-26 17:26:59,-27.6146,-48.5012,74.41,56,0,12.66
143,Chokurdakh,RU,2021-05-26 17:27:00,70.6333,147.9167,31.17,81,35,8.48
144,Riyadh,SA,2021-05-26 17:25:17,24.6877,46.7219,102.25,8,20,10.36
145,Nuuk,GL,2021-05-26 17:27:00,64.1835,-51.7216,41.61,65,75,10.36
146,Leningradskiy,RU,2021-05-26 17:25:37,69.3833,178.4167,27.81,91,31,7.23
147,Mandera,KE,2021-05-26 17:27:00,3.9366,41.867,82.63,52,100,9.8
148,Putina,PE,2021-05-26 17:27:01,-15.4667,-69.4333,46.08,59,34,5.21
149,Presidencia Roque Saenz Pena,AR,2021-05-26 17:27:01,-26.7852,-60.4388,77.92,37,57,3.98
150,Iisalmi,FI,2021-05-26 17:27:01,63.5592,27.1907,51.82,62,100,13.4
151,Port Lincoln,AU,2021-05-26 17:27:01,-34.7333,135.8667,56.62,73,22,6.96
152,Karpathos,GR,2021-05-26 17:24:40,35.507,27.2132,73.36,56,0,12.37
153,Luderitz,NA,2021-05-26 17:27:02,-26.6481,15.1594,63.84,73,4,7.05
154,Port Alfred,ZA,2021-05-26 17:23:44,-33.5906,26.891,61.75,74,94,4.41
155,Tasiilaq,GL,2021-05-26 17:27:02,65.6145,-37.6368,37.56,96,100,37.38
156,Youkounkoun,GN,2021-05-26 17:27:03,12.5333,-13.1333,100.17,22,100,5.61
157,La Ronge,CA,2021-05-26 17:27:03,55.1001,-105.2842,39.45,45,1,4.61
158,Khrebtovaya,RU,2021-05-26 17:27:03,56.7032,104.2494,30.34,94,69,5.48
159,Kamenka,RU,2021-05-26 17:27:03,51.3223,42.7678,62.15,65,73,5.06
160,Hamilton,US,2021-05-26 17:26:47,39.1834,-84.5333,73.08,93,90,8.95
161,Te Anau,NZ,2021-05-26 17:23:35,-45.4167,167.7167,39.92,92,85,3.15
162,Caravelas,BR,2021-05-26 17:27:04,-17.7125,-39.2481,76.19,88,87,6.73
163,Sao Filipe,CV,2021-05-26 17:27:04,14.8961,-24.4956,76.1,70,1,7.36
164,Bulungu,CD,2021-05-26 17:27:04,-4.55,18.6,78.04,53,12,0.29
165,San Patricio,US,2021-05-26 17:27:05,28.017,-97.5169,90.01,67,11,15.84
166,Georgetown,MY,2021-05-26 17:27:05,5.4112,100.3354,84.13,87,20,0.0
167,Canutama,BR,2021-05-26 17:27:05,-6.5339,-64.3831,92.41,46,39,4.34
168,Vao,NC,2021-05-26 17:23:33,-22.6667,167.4833,71.35,69,48,11.86
169,Faanui,PF,2021-05-26 17:27:06,-16.4833,-151.75,81.25,75,55,14.63
170,Bambanglipuro,ID,2021-05-26 17:27:06,-7.95,110.2833,77.81,84,72,5.86
171,Visby,SE,2021-05-26 17:27:06,57.6409,18.296,52.05,81,75,21.85
172,Ponta Do Sol,PT,2021-05-26 17:27:07,32.6667,-17.1,73.0,71,90,3.65
173,Meulaboh,ID,2021-05-26 17:27:07,4.1363,96.1285,79.23,82,100,6.33
174,Pickerington,US,2021-05-26 17:27:07,39.8842,-82.7535,84.25,55,75,3.0
175,Ixtapa,MX,2021-05-26 17:27:07,20.7,-105.2,81.63,61,1,5.75
176,Nadym,RU,2021-05-26 17:27:08,65.5333,72.5167,40.59,86,100,17.38
177,Rundu,NA,2021-05-26 17:27:08,-17.9333,19.7667,64.63,35,0,5.21
178,Tuktoyaktuk,CA,2021-05-26 17:27:08,69.4541,-133.0374,28.4,80,75,6.91
179,Hofn,IS,2021-05-26 17:27:09,64.2539,-15.2082,50.02,62,20,12.66
180,Yiyang,CN,2021-05-26 17:27:09,28.5892,112.3283,66.43,92,99,2.75
181,Saint George,US,2021-05-26 17:25:19,37.1041,-113.5841,88.27,13,1,1.99
182,Kavaratti,IN,2021-05-26 17:27:09,10.5669,72.642,84.06,72,97,16.49
183,Ambon,ID,2021-05-26 17:27:10,-3.6954,128.1814,77.14,94,40,13.13
184,Big Rapids,US,2021-05-26 17:27:10,43.6981,-85.4837,73.9,53,40,14.97
185,Huambo,AO,2021-05-26 17:27:10,-12.7761,15.7392,61.32,47,0,2.62
186,Puerto El Triunfo,SV,2021-05-26 17:27:10,13.2833,-88.55,95.86,52,90,5.88
187,Syracuse,IT,2021-05-26 17:27:11,37.0881,15.2792,75.25,65,11,6.35
188,Dikson,RU,2021-05-26 17:27:11,73.5069,80.5464,27.05,96,100,13.85
189,Ahipara,NZ,2021-05-26 17:27:11,-35.1667,173.1667,51.57,77,12,5.64
190,Ostrovnoy,RU,2021-05-26 17:27:12,68.0531,39.5131,36.91,65,20,3.24
191,Kaputa,ZM,2021-05-26 17:27:12,-8.4689,29.6619,69.17,62,6,3.78
192,Kaitangata,NZ,2021-05-26 17:24:49,-46.2817,169.8464,31.93,80,11,4.25
193,Tabuk,PH,2021-05-26 17:27:12,17.4189,121.4443,78.28,82,46,2.24
194,Carutapera,BR,2021-05-26 17:27:13,-1.195,-46.02,84.18,70,52,8.86
195,Mogadishu,SO,2021-05-26 17:27:13,2.0371,45.3438,79.18,78,61,15.1
196,Santa Cruz,BO,2021-05-26 17:23:16,-17.8,-63.1667,80.06,53,75,8.05
197,Mount Isa,AU,2021-05-26 17:27:13,-20.7333,139.5,62.37,27,0,16.11
198,Khatanga,RU,2021-05-26 17:27:14,71.9667,102.5,28.72,96,100,10.4
199,Kongoussi,BF,2021-05-26 17:27:14,13.3258,-1.5347,105.24,15,62,0.34
200,Keti Bandar,PK,2021-05-26 17:24:07,24.1447,67.4497,84.69,83,4,15.19
201,Laguna,US,2021-05-26 17:27:14,38.421,-121.4238,80.11,41,1,1.99
202,Camalu,MX,2021-05-26 17:27:15,30.85,-116.0667,68.41,58,53,7.2
203,Panjab,AF,2021-05-26 17:27:15,34.388,67.0233,57.31,26,0,5.03
204,Belmonte,BR,2021-05-26 17:27:15,-15.8631,-38.8828,82.9,57,2,7.38
205,Kirs,RU,2021-05-26 17:27:15,59.3388,52.2447,43.47,79,100,6.64
206,Havelock,US,2021-05-26 17:27:16,34.8791,-76.9013,93.06,71,40,7.0
207,Acapulco,MX,2021-05-26 17:27:16,16.8634,-99.8901,89.42,48,40,5.99
208,Banda Aceh,ID,2021-05-26 17:25:04,5.5577,95.3222,80.26,79,100,4.72
209,Klaksvik,FO,2021-05-26 17:27:16,62.2266,-6.589,47.32,76,83,18.54
210,Roma,US,2021-05-26 17:27:17,43.2128,-75.4557,87.94,42,20,12.66
211,Praia Da Vitoria,PT,2021-05-26 17:27:17,38.7333,-27.0667,62.85,72,40,17.63
212,Aberdeen,GB,2021-05-26 17:22:29,57.1437,-2.0981,52.29,79,75,18.41
213,Richland,US,2021-05-26 17:27:17,40.7834,-82.5499,79.07,92,90,6.91
214,Forte Dei Marmi,IT,2021-05-26 17:27:18,43.9648,10.1724,70.03,72,3,4.12
215,Longyearbyen,SJ,2021-05-26 17:27:18,78.2186,15.6401,35.44,69,75,5.75
216,Spencer,US,2021-05-26 17:27:18,43.1414,-95.1444,71.76,52,1,8.05
217,Yushan,CN,2021-05-26 17:27:18,31.3776,120.9543,69.69,96,100,5.26
218,Kosa,RU,2021-05-26 17:27:19,59.9445,54.9977,43.02,77,100,7.02
219,Makakilo City,US,2021-05-26 17:24:02,21.3469,-158.0858,76.6,75,1,3.44
220,Katsuura,JP,2021-05-26 17:27:19,35.1333,140.3,69.12,83,100,6.04
221,Batticaloa,LK,2021-05-26 17:27:19,7.7102,81.6924,84.29,57,99,18.3
222,Hasaki,JP,2021-05-26 17:27:20,35.7333,140.8333,64.8,79,100,8.86
223,Port Harcourt,NG,2021-05-26 17:27:20,4.7774,7.0134,80.78,78,94,7.34
224,Solnechnyy,RU,2021-05-26 17:27:20,50.7214,136.6319,33.37,95,100,1.23
225,Rawson,AR,2021-05-26 17:27:20,-43.3002,-65.1023,56.84,52,59,22.73
226,Snasa,NO,2021-05-26 17:27:21,64.2457,12.3778,62.01,43,63,13.35
227,Natal,BR,2021-05-26 17:27:21,-5.795,-35.2094,86.65,51,40,16.33
228,Beringovskiy,RU,2021-05-26 17:27:21,63.05,179.3167,31.33,88,66,11.07
229,Kurtamysh,RU,2021-05-26 17:27:22,54.9103,64.4319,58.89,56,0,7.25
230,Yashan,CN,2021-05-26 17:27:22,22.1975,109.9419,77.85,96,40,2.46
231,Boras,SE,2021-05-26 17:27:22,57.721,12.9401,51.55,91,100,4.32
232,Kudahuvadhoo,MV,2021-05-26 17:27:22,2.6708,72.8944,83.89,74,97,21.32
233,Seoni,IN,2021-05-26 17:27:23,22.0833,79.5333,88.54,18,99,6.06
234,Mehamn,NO,2021-05-26 17:27:23,71.0357,27.8492,41.18,61,56,2.89
235,Harper,LR,2021-05-26 17:27:23,4.375,-7.7169,83.25,74,60,8.9
236,Richards Bay,ZA,2021-05-26 17:25:12,-28.783,32.0377,66.18,88,5,3.44
237,Zhezkazgan,KZ,2021-05-26 17:27:24,47.8043,67.7144,81.09,16,77,6.76
238,Mahibadhoo,MV,2021-05-26 17:27:24,3.7833,72.9667,83.62,75,98,22.32
239,Corinth,GR,2021-05-26 17:27:24,37.9407,22.9573,82.42,36,93,2.68
240,Oranjestad,AW,2021-05-26 17:27:25,12.524,-70.027,85.95,66,20,24.16
241,Tahe,CN,2021-05-26 17:27:25,52.3333,124.7333,39.76,92,100,2.01
242,Touros,BR,2021-05-26 17:22:57,-5.1989,-35.4608,86.9,64,43,18.01
243,Tarrega,ES,2021-05-26 17:27:15,41.647,1.1396,74.32,45,99,9.51
244,Wewak,PG,2021-05-26 17:27:25,-3.5534,143.6268,79.63,83,99,4.09
245,Rio Gallegos,AR,2021-05-26 17:27:26,-51.6226,-69.2181,41.05,56,20,11.5
246,Kloulklubed,PW,2021-05-26 17:24:12,7.0419,134.2556,75.7,77,100,11.52
247,Tyumentsevo,RU,2021-05-26 17:27:26,53.3224,81.498,74.19,46,4,14.38
248,Pemangkat,ID,2021-05-26 17:27:26,1.1667,108.9667,79.54,82,74,6.17
249,Airai,TL,2021-05-26 17:27:27,-8.9266,125.4092,56.59,91,85,4.09
250,Taunggyi,MM,2021-05-26 17:27:27,20.7833,97.0333,64.56,86,33,3.74
251,Yumen,CN,2021-05-26 17:27:27,40.2833,97.2,68.18,11,3,5.19
252,Sambava,MG,2021-05-26 17:27:27,-14.2667,50.1667,74.79,83,3,11.95
253,Constitucion,CL,2021-05-26 17:27:28,-35.3333,-72.4167,63.61,67,5,8.77
254,Dunedin,NZ,2021-05-26 17:25:01,-45.8742,170.5036,44.8,40,3,10.0
255,Griffith,US,2021-05-26 17:27:28,41.5284,-87.4237,81.14,56,1,5.01
256,Nikolskoye,RU,2021-05-26 17:27:29,59.7035,30.7861,52.39,89,82,8.84
257,Kimbe,PG,2021-05-26 17:27:29,-5.5502,150.1429,76.57,91,100,5.66
258,Lata,PT,2021-05-26 17:23:41,40.1629,-8.3327,82.04,47,75,8.23
259,Srandakan,ID,2021-05-26 17:27:29,-7.9386,110.2506,78.01,83,74,5.61
260,Joensuu,FI,2021-05-26 17:27:29,62.6012,29.7632,51.28,51,0,8.99
261,Cabedelo,BR,2021-05-26 17:23:04,-6.9811,-34.8339,86.67,69,3,17.31
262,Saskylakh,RU,2021-05-26 17:27:30,71.9167,114.0833,43.34,84,100,3.62
263,Sao Mateus,BR,2021-05-26 17:27:30,-18.7161,-39.8589,78.62,70,94,6.51
264,Ivnya,RU,2021-05-26 17:27:30,51.0629,36.1343,73.31,81,49,6.98
265,Mizdah,LY,2021-05-26 17:27:31,31.4451,12.9801,89.37,16,96,15.23
266,Dingle,PH,2021-05-26 17:27:31,10.9995,122.6711,78.3,87,80,3.6
267,Berbera,SO,2021-05-26 17:27:31,10.4396,45.0143,88.84,61,94,9.01
268,Soyo,AO,2021-05-26 17:24:26,-6.1349,12.3689,82.45,79,10,10.56
269,Isabela,PH,2021-05-26 17:27:32,6.7085,121.9711,77.99,88,100,4.43
270,Quelimane,MZ,2021-05-26 17:27:32,-17.8786,36.8883,71.55,64,20,2.3
271,Pisco,PE,2021-05-26 17:27:32,-13.7,-76.2167,66.25,82,90,3.44
272,Ayan,RU,2021-05-26 17:27:33,56.45,138.1667,40.01,67,36,4.56
273,Narrabri,AU,2021-05-26 17:27:33,-30.3167,149.7833,42.53,87,2,6.91
274,Bambous Virieux,MU,2021-05-26 17:27:33,-20.3428,57.7575,73.65,88,75,6.49
275,San Ramon,US,2021-05-26 17:27:33,37.7799,-121.978,75.42,53,1,4.0
276,Wagar,SD,2021-05-26 17:25:08,16.1525,36.2032,103.91,12,9,7.76
277,Urumqi,CN,2021-05-26 17:24:06,43.801,87.6005,76.15,21,0,0.67
278,Sakakah,SA,2021-05-26 17:27:34,29.9697,40.2064,94.57,11,0,7.43
279,Baykalsk,RU,2021-05-26 17:27:34,51.5058,104.1469,43.56,87,84,10.98
280,San Isidro,PE,2021-05-26 17:27:35,-12.1167,-77.05,68.25,85,90,7.63
281,Marystown,CA,2021-05-26 17:24:09,47.1666,-55.1483,48.02,93,100,7.0
282,Champerico,GT,2021-05-26 17:27:35,14.3,-91.9167,90.77,59,72,4.52
283,Odesskoye,RU,2021-05-26 17:27:35,54.2111,72.9651,71.69,54,100,9.42
284,Vryburg,ZA,2021-05-26 17:27:35,-26.9566,24.7284,56.12,50,50,3.69
285,Esso,RU,2021-05-26 17:27:36,55.9333,158.7,29.53,98,98,3.96
286,Vicksburg,US,2021-05-26 17:27:36,32.3526,-90.8779,84.56,74,75,6.64
287,Eyl,SO,2021-05-26 17:27:36,7.9803,49.8164,81.05,73,89,20.65
288,Saint-Georges,GD,2021-05-26 17:27:37,12.0564,-61.7485,87.48,62,20,21.85
289,Wau,SS,2021-05-26 17:27:37,7.7029,27.9953,87.13,38,97,4.56
290,Saint-Augustin,CA,2021-05-26 17:27:38,51.226,-58.6502,47.86,56,90,11.16
291,Muisne,EC,2021-05-26 17:27:38,0.6,-80.0333,86.11,79,81,8.19
292,Huarmey,PE,2021-05-26 17:27:38,-10.0681,-78.1522,72.48,74,30,9.35
293,La Serena,CL,2021-05-26 17:27:39,-29.9078,-71.2542,58.51,82,0,12.66
294,Prince Rupert,CA,2021-05-26 17:27:39,54.3161,-130.3201,46.09,93,90,3.44
295,Bredasdorp,ZA,2021-05-26 17:27:39,-34.5322,20.0403,56.52,82,90,1.03
296,Voh,NC,2021-05-26 17:27:40,-20.9667,164.7,62.56,73,5,2.1
297,Pecos,US,2021-05-26 17:27:40,31.4229,-103.4932,91.49,27,1,9.22
298,Cascais,PT,2021-05-26 17:27:40,38.6979,-9.4215,76.86,52,20,11.99
299,Erdenet,MN,2021-05-26 17:27:41,49.0333,104.0833,41.02,87,92,5.5
300,Usinsk,RU,2021-05-26 17:23:01,65.9939,57.5281,42.51,40,83,14.43
301,Prince George,CA,2021-05-26 17:26:12,53.9166,-122.753,50.25,92,90,4.61
302,Surgut,RU,2021-05-26 17:27:41,61.25,73.4167,48.38,100,40,20.45
303,Norrtalje,SE,2021-05-26 17:27:41,59.758,18.705,48.83,97,100,13.85
304,Ninghai,CN,2021-05-26 17:27:42,29.2892,121.4247,74.73,99,100,2.15
305,Namatanai,PG,2021-05-26 17:23:10,-3.6667,152.4333,76.89,93,100,8.95
306,Kadaya,RU,2021-05-26 17:27:42,50.9327,119.2911,39.34,84,32,3.24
307,High Rock,BS,2021-05-26 17:27:42,26.6208,-78.2833,82.42,67,24,10.94
308,Port Hedland,AU,2021-05-26 17:27:42,-20.3167,118.5667,71.65,37,100,10.36
309,Tautira,PF,2021-05-26 17:24:00,-17.7333,-149.15,75.22,76,30,8.41
310,Boddam,GB,2021-05-26 17:27:43,57.4667,-1.7833,52.18,91,92,18.32
311,Ternate,ID,2021-05-26 17:27:43,0.8,127.4,81.41,79,97,3.8
312,Matara,LK,2021-05-26 17:27:43,5.9485,80.5353,79.88,85,87,17.18
313,Iztapa,GT,2021-05-26 17:27:44,13.9333,-90.7075,91.45,62,75,6.06
314,Salinas,US,2021-05-26 17:27:44,36.6777,-121.6555,73.56,64,1,4.61
315,Dwarka,IN,2021-05-26 17:27:44,22.2394,68.9678,83.97,84,62,18.3
316,Goderich,CA,2021-05-26 17:23:18,43.7501,-81.7165,70.21,88,100,16.11
317,Fareham,GB,2021-05-26 17:27:45,50.8516,-1.1793,62.06,81,20,4.0
318,Husavik,IS,2021-05-26 17:27:45,66.0449,-17.3389,57.11,62,11,2.62
319,Inirida,CO,2021-05-26 17:27:45,3.8653,-67.9239,76.69,88,100,0.96
320,Yuncheng,CN,2021-05-26 17:27:45,35.0231,110.9928,67.42,28,40,2.98
321,Jalu,LY,2021-05-26 17:27:46,29.0331,21.5482,95.76,7,0,9.86
322,Marevo,RU,2021-05-26 17:27:46,57.3146,32.0804,53.47,86,90,1.23
323,Sterling,US,2021-05-26 17:27:46,39.0062,-77.4286,93.2,58,20,1.01
324,Petropavlovsk-Kamchatskiy,RU,2021-05-26 17:23:43,53.0452,158.6483,37.99,100,90,6.93
325,Kostino,RU,2021-05-26 17:27:47,58.9097,53.2691,45.0,81,99,7.36
326,Tarbagatay,RU,2021-05-26 17:27:47,51.4803,107.3602,40.53,90,100,7.02
327,Batsfjord,NO,2021-05-26 17:27:47,70.6345,29.7185,39.42,65,75,1.14
328,Senador Jose Porfirio,BR,2021-05-26 17:27:48,-2.5908,-51.9542,86.38,60,20,2.15
329,Hovd,MN,2021-05-26 17:27:48,48.0056,91.6419,64.54,34,25,3.11
330,Berlevag,NO,2021-05-26 17:27:48,70.8578,29.0864,39.15,65,75,2.3
331,Marsh Harbour,BS,2021-05-26 17:27:48,26.5412,-77.0636,77.13,68,8,9.28
332,Tilichiki,RU,2021-05-26 17:27:49,60.4667,166.1,33.13,97,100,4.47
333,Asheville,US,2021-05-26 17:27:49,35.6009,-82.554,87.76,50,20,1.01
334,Japura,ID,2021-05-26 17:27:49,-0.3167,102.35,75.47,97,80,2.28
335,Muli,MV,2021-05-26 17:27:50,2.9167,73.5667,84.06,75,97,22.1
336,Porto Seguro,BR,2021-05-26 17:27:50,-16.4497,-39.0647,82.92,57,20,12.66
337,Yarada,IN,2021-05-26 17:27:50,17.65,83.2667,84.52,58,75,2.91
338,Garwa,IN,2021-05-26 17:27:50,24.1833,83.8167,74.35,94,100,14.52
339,Birjand,IR,2021-05-26 17:27:51,32.8663,59.2211,86.47,10,75,26.46
340,Lompoc,US,2021-05-26 17:26:42,34.6391,-120.4579,72.37,84,90,6.91
341,Buchanan,LR,2021-05-26 17:27:51,5.8808,-10.0467,82.36,74,97,7.81
342,Puerto Del Rosario,ES,2021-05-26 17:27:51,28.5004,-13.8627,73.15,49,20,19.57
343,Aripuana,BR,2021-05-26 17:27:52,-9.1667,-60.6333,93.36,37,7,3.67
344,Ellisras,ZA,2021-05-26 17:27:52,-23.6649,27.7443,62.6,28,0,1.5
345,Auki,SB,2021-05-26 17:27:52,-8.7676,160.7034,76.78,84,100,11.52
346,Erenhot,CN,2021-05-26 17:27:53,43.6475,111.9767,59.49,35,100,4.85
347,Sabzevar,IR,2021-05-26 17:27:53,36.2126,57.6819,76.62,35,100,23.17
348,Oregon City,US,2021-05-26 17:26:47,45.3573,-122.6068,64.26,66,1,1.01
349,Shagamu,NG,2021-05-26 17:27:53,6.8432,3.6478,85.69,67,99,8.79
350,Sao Miguel Do Araguaia,BR,2021-05-26 17:27:53,-13.275,-50.1628,93.99,29,78,6.31
351,Flinders,AU,2021-05-26 17:25:26,-34.5833,150.8552,54.21,72,1,1.01
352,Svetlogorsk,BY,2021-05-26 17:27:54,52.6333,29.7333,59.67,67,41,0.87
353,Port Macquarie,AU,2021-05-26 17:23:51,-31.4333,152.9167,54.9,64,3,15.77
354,Tiznit,MA,2021-05-26 17:27:54,29.5833,-9.5,68.09,61,0,10.02
355,Obera,AR,2021-05-26 17:27:54,-27.4871,-55.1199,75.18,24,50,0.81
356,Santa Maria,BR,2021-05-26 17:24:14,-29.6842,-53.8069,67.3,52,0,1.81
357,Itarema,BR,2021-05-26 17:27:55,-2.9248,-39.9167,87.1,55,62,14.16
358,Sydney,AU,2021-05-26 17:24:03,-33.8679,151.2073,55.71,67,0,1.99
359,Norman Wells,CA,2021-05-26 17:27:55,65.282,-126.8329,50.04,50,75,9.22
360,Igrim,RU,2021-05-26 17:27:55,63.1906,64.4162,42.87,63,100,12.15
361,Rocha,UY,2021-05-26 17:27:56,-34.4833,-54.3333,61.65,55,43,11.23
362,Dalvik,IS,2021-05-26 17:27:56,65.9702,-18.5286,57.13,56,9,5.5
363,Kidal,ML,2021-05-26 17:27:56,18.4411,1.4078,105.93,3,100,17.0
364,Nueva Guinea,NI,2021-05-26 17:27:57,11.6876,-84.4562,78.15,87,100,12.95
365,Pacific Grove,US,2021-05-26 17:27:57,36.6177,-121.9166,73.15,82,75,7.0
366,Lancaster,US,2021-05-26 17:27:57,40.2504,-76.2499,89.44,61,1,3.0
367,Russell,US,2021-05-26 17:27:58,32.3502,-85.1999,88.88,48,50,7.18
368,Taldan,RU,2021-05-26 17:27:58,53.6667,124.8,33.12,94,92,3.38
369,Harare,ZW,2021-05-26 17:25:13,-17.8294,31.0539,39.65,51,0,3.4
370,Havre-Saint-Pierre,CA,2021-05-26 17:27:58,50.2334,-63.5986,48.79,100,90,19.57
371,Betamcherla,IN,2021-05-26 17:27:58,15.4667,78.1667,84.49,47,99,21.92
372,Xuddur,SO,2021-05-26 17:25:10,4.1213,43.8894,77.05,61,99,11.63
373,Chicama,PE,2021-05-26 17:27:59,-7.8447,-79.1469,66.74,63,29,9.55
374,Puri,IN,2021-05-26 17:27:59,19.8,85.85,81.12,75,100,20.76
375,Khorixas,NA,2021-05-26 17:27:59,-20.3667,14.9667,72.21,20,0,5.7
376,Acari,PE,2021-05-26 17:28:00,-15.4311,-74.6158,76.46,56,76,8.34
377,Kjopsvik,NO,2021-05-26 17:28:00,68.097,16.3742,53.47,70,19,7.47
378,Zeven,DE,2021-05-26 17:28:00,53.3,9.2833,57.33,67,100,18.25
379,Bethel,US,2021-05-26 17:24:28,41.3712,-73.414,89.94,60,1,1.99
380,Majene,ID,2021-05-26 17:28:01,-3.5403,118.9707,78.89,89,94,9.82
381,Basco,PH,2021-05-26 17:28:01,20.4487,121.9702,84.9,77,4,10.71
382,Vostok,RU,2021-05-26 17:28:01,46.4856,135.8833,39.38,87,47,4.54
383,Urdoma,RU,2021-05-26 17:28:01,61.7533,48.5442,40.59,66,100,3.13
384,Cabo San Lucas,MX,2021-05-26 17:28:02,22.8909,-109.9124,97.52,45,20,4.61
385,Palmer,US,2021-05-26 17:28:02,42.1584,-72.3287,90.77,52,40,11.99
386,Grove City,US,2021-05-26 17:28:02,39.8815,-83.093,84.25,57,90,1.99
387,Greece,US,2021-05-26 17:28:03,43.2098,-77.6931,81.45,69,75,7.0
388,Lokosovo,RU,2021-05-26 17:28:03,61.1333,74.8167,47.55,89,100,18.52
389,Krasnogorodsk,RU,2021-05-26 17:28:03,56.8357,28.2822,54.84,76,28,8.39
390,Gat,IL,2021-05-26 17:28:03,31.61,34.7642,81.39,51,0,8.41
391,Slave Lake,CA,2021-05-26 17:28:04,55.2834,-114.769,48.18,71,90,13.8
392,Obo,CF,2021-05-26 17:28:04,5.3998,26.4869,69.66,96,89,2.08
393,Tutoia,BR,2021-05-26 17:28:04,-2.7619,-42.2744,93.18,55,30,4.34
394,Gweta,BW,2021-05-26 17:28:05,-20.1833,25.2333,66.43,29,21,7.61
395,Tongren,CN,2021-05-26 17:28:05,27.7172,109.1853,66.94,97,100,3.02
396,Port Moresby,PG,2021-05-26 17:25:17,-9.4431,147.1797,72.82,88,75,6.91
397,Bariri,BR,2021-05-26 17:28:05,-22.0744,-48.7403,84.45,26,13,6.11
398,Qiongshan,CN,2021-05-26 17:28:06,20.0058,110.3542,80.58,89,0,10.18
399,Waddan,LY,2021-05-26 17:28:06,29.1614,16.139,96.37,12,0,14.23
400,Yinchuan,CN,2021-05-26 17:28:06,38.4681,106.2731,67.23,14,0,5.86
401,College,US,2021-05-26 17:25:25,64.8569,-147.8028,56.21,56,75,3.44
402,Ylivieska,FI,2021-05-26 17:28:07,64.0833,24.55,51.31,68,93,12.77
403,Nome,US,2021-05-26 17:28:07,64.5011,-165.4064,58.15,23,1,11.5
404,Naze,JP,2021-05-26 17:24:10,28.3667,129.4833,75.83,89,30,19.39
405,Tual,ID,2021-05-26 17:28:07,-5.6667,132.75,81.57,78,99,23.69
406,Kathu,TH,2021-05-26 17:28:08,7.9178,98.3332,84.61,85,100,4.16
407,Mgandu,TZ,2021-05-26 17:25:01,-5.95,34.1333,68.72,56,76,5.12
408,Iskateley,RU,2021-05-26 17:28:08,67.6803,53.1512,39.72,56,100,12.91
409,Sitka,US,2021-05-26 17:28:08,57.0531,-135.33,46.29,81,90,0.0
410,Maceio,BR,2021-05-26 17:28:08,-9.6658,-35.7353,83.64,65,75,11.52
411,Boralday,KZ,2021-05-26 17:28:09,43.3578,76.8594,76.86,29,75,6.17
412,Berezhany,UA,2021-05-26 17:28:09,49.45,24.9333,65.82,76,3,6.53
413,Montalban,FR,2021-05-26 17:28:09,44.0167,1.35,69.1,59,100,6.22
414,Esmeraldas,BR,2021-05-26 17:28:10,-19.7625,-44.3139,86.11,48,35,4.85
415,Mackenzie,CA,2021-05-26 17:28:10,55.2999,-123.1698,48.42,76,90,8.05
416,Uncia,BO,2021-05-26 17:28:10,-18.467,-66.5685,56.05,37,42,9.78
417,Yuci,CN,2021-05-26 17:28:10,37.6803,112.7319,53.35,54,0,3.71
418,Aksarka,RU,2021-05-26 17:28:11,66.5606,67.7975,36.7,48,30,14.07
419,Longyan,CN,2021-05-26 17:28:11,25.1072,117.0225,73.71,96,74,3.76
420,Padang,ID,2021-05-26 17:28:11,-0.9492,100.3543,80.15,87,92,4.45
421,Birin,NP,2021-05-26 17:28:12,26.8865,88.0718,61.34,96,100,5.73
422,Namibe,AO,2021-05-26 17:23:26,-15.1961,12.1522,77.31,63,0,5.41
423,Evensk,RU,2021-05-26 17:28:12,61.95,159.2333,37.76,97,100,17.34
424,Matane,CA,2021-05-26 17:28:12,48.8286,-67.522,69.55,82,100,3.83
425,Black River,JM,2021-05-26 17:28:13,18.0264,-77.8487,87.8,61,74,8.95
426,Sur,OM,2021-05-26 17:28:13,22.5667,59.5289,93.54,42,6,10.16
427,Khani,GE,2021-05-26 17:28:13,41.9563,42.9566,53.17,94,84,0.72
428,San Cristobal,VE,2021-05-26 17:28:13,7.7669,-72.225,80.78,37,25,10.45
429,Roebourne,AU,2021-05-26 17:28:14,-20.7833,117.1333,72.99,51,68,17.78
430,Joshimath,IN,2021-05-26 17:28:14,30.5667,79.5667,59.4,65,11,7.9
431,Dourbali,TD,2021-05-26 17:28:14,11.8091,15.8632,99.48,5,1,8.23
432,Mbaiki,CF,2021-05-26 17:28:15,3.8678,17.9892,79.36,69,97,2.57
433,Ulaangom,MN,2021-05-26 17:28:15,49.9811,92.0667,64.9,42,56,2.89
434,Savannah Bight,HN,2021-05-26 17:28:15,16.45,-85.85,89.65,79,88,18.45
435,Salamiyah,SY,2021-05-26 17:28:15,35.0113,37.0532,79.84,27,0,11.32
436,Ippy,CF,2021-05-26 17:28:16,6.2679,21.2247,71.65,95,98,6.31
437,Tuatapere,NZ,2021-05-26 17:24:59,-46.1333,167.6833,41.25,89,63,7.4
438,Umm Lajj,SA,2021-05-26 17:28:16,25.0213,37.2685,85.23,56,0,7.0
439,Ust-Ishim,RU,2021-05-26 17:28:16,57.6935,71.1665,54.99,66,19,16.75
440,Korla,CN,2021-05-26 17:28:17,41.7597,86.1469,80.38,13,98,8.32
441,Wanning,CN,2021-05-26 17:28:17,18.8003,110.3967,81.86,86,76,10.96
442,Mount Gambier,AU,2021-05-26 17:28:17,-37.8333,140.7667,48.11,93,40,6.91
443,Los Llanos De Aridane,ES,2021-05-26 17:28:18,28.6585,-17.9182,65.95,76,40,13.35
444,Yining,CN,2021-05-26 17:28:18,29.0361,114.5636,65.46,97,99,3.22
445,Bosaso,SO,2021-05-26 17:28:18,11.2842,49.1816,86.56,67,18,4.0
446,Hambantota,LK,2021-05-26 17:28:18,6.1241,81.1185,81.18,78,93,21.9
447,Mayya,RU,2021-05-26 17:28:19,61.7333,130.2811,47.52,92,94,0.09
448,Tessalit,ML,2021-05-26 17:28:19,20.1986,1.0114,105.21,4,99,13.02
449,Abha,SA,2021-05-26 17:28:19,18.2164,42.5053,73.22,64,0,4.41
450,San Lawrenz,MT,2021-05-26 17:28:20,36.0553,14.204,71.85,69,5,9.57
451,Slatyne,UA,2021-05-26 17:28:20,50.2242,36.1608,74.39,73,95,4.32
452,Elda,ES,2021-05-26 17:28:20,38.4778,-0.7916,70.3,59,41,8.99
453,Baykalovo,RU,2021-05-26 17:28:20,57.3981,63.7684,53.73,71,15,14.38
454,Pak Phanang,TH,2021-05-26 17:28:21,8.3511,100.202,79.56,77,100,4.63
455,Vanavara,RU,2021-05-26 17:28:21,60.34,102.2797,30.72,69,74,4.03
456,Bacabal,BR,2021-05-26 17:28:21,-4.2917,-44.7917,90.64,46,10,4.56
457,Rosarito,MX,2021-05-26 17:28:21,32.3333,-117.0333,77.67,67,88,7.47
458,Manaus,BR,2021-05-26 17:23:58,-3.1019,-60.025,88.3,70,40,3.44
459,Aiken,US,2021-05-26 17:28:22,33.5835,-81.5998,94.48,38,75,7.14
460,Ancud,CL,2021-05-26 17:28:22,-41.8697,-73.8203,54.93,97,100,8.9
461,Bikaner,IN,2021-05-26 17:28:22,28.0167,73.3,100.63,17,20,2.8
462,Tombouctou,ML,2021-05-26 17:28:23,20.0,-3.0,110.32,7,98,9.04
463,Brae,GB,2021-05-26 17:28:23,60.3964,-1.353,49.91,83,100,20.38
464,Itamarandiba,BR,2021-05-26 17:28:23,-17.8572,-42.8589,75.4,60,95,2.64
465,Brockville,CA,2021-05-26 17:26:55,44.5834,-75.6826,82.18,65,31,7.0
466,Vrangel,RU,2021-05-26 17:28:24,42.7297,133.0839,50.18,92,95,9.06
467,Mazatlan,MX,2021-05-26 17:24:28,23.2167,-106.4167,85.96,73,20,5.99
468,Vetlanda,SE,2021-05-26 17:28:24,57.4289,15.0776,51.67,88,99,4.61
469,San Ramon De La Nueva Oran,AR,2021-05-26 17:28:24,-23.1322,-64.326,76.42,47,96,2.1
470,Kieta,PG,2021-05-26 17:28:25,-6.2167,155.6333,78.31,87,93,3.56
471,Maxixe,MZ,2021-05-26 17:28:25,-23.8597,35.3472,66.02,77,20,0.0
472,Calarasi,MD,2021-05-26 17:28:25,47.2544,28.3081,67.82,89,87,6.69
473,Bilma,NE,2021-05-26 17:28:26,18.6853,12.9164,98.24,5,0,3.04
474,Grand Gaube,MU,2021-05-26 17:28:26,-20.0064,57.6608,73.8,79,3,3.0
475,Puerto Ayacucho,VE,2021-05-26 17:28:26,5.6639,-67.6236,78.75,87,97,4.61
476,Quimper,FR,2021-05-26 17:28:26,48.0,-4.1,57.88,94,90,6.91
477,Kikwit,CD,2021-05-26 17:28:27,-5.041,18.8162,78.75,44,14,3.29
478,Ahome,MX,2021-05-26 17:28:27,25.9167,-109.1833,92.14,32,58,1.99
479,Caucaia,BR,2021-05-26 17:28:27,-3.7361,-38.6531,89.55,70,20,11.07
480,Canico,PT,2021-05-26 17:28:28,32.6333,-16.85,73.0,77,40,1.01
481,Fortuna,US,2021-05-26 17:28:28,40.5982,-124.1573,61.41,94,90,0.0
482,Mbandaka,CD,2021-05-26 17:28:28,0.0487,18.2603,79.45,69,88,3.04
483,Ketchikan,US,2021-05-26 17:28:29,55.3422,-131.6461,46.87,87,90,4.61
484,Maraa,BR,2021-05-26 17:28:29,-1.8333,-65.3667,82.06,84,78,1.52
485,Zyryanka,RU,2021-05-26 17:28:29,65.75,150.85,48.24,63,99,6.17
486,Conakry,GN,2021-05-26 17:28:29,9.538,-13.6773,86.07,74,75,11.5
487,Bintulu,MY,2021-05-26 17:28:30,3.1667,113.0333,77.41,94,20,4.61
488,Palana,RU,2021-05-26 17:28:30,59.1167,159.9667,31.93,80,36,6.35
489,Skjervoy,NO,2021-05-26 17:28:30,70.0311,20.9714,44.78,68,7,10.0
490,Kenora,CA,2021-05-26 17:28:31,49.8167,-94.4337,39.18,65,75,8.05
491,Srivardhan,IN,2021-05-26 17:28:31,18.0333,73.0167,83.73,71,100,7.81
492,Paamiut,GL,2021-05-26 17:25:23,61.994,-49.6678,37.53,75,100,2.04
493,Lorengau,PG,2021-05-26 17:25:00,-2.0226,147.2712,80.19,85,100,4.23
494,Pitea,SE,2021-05-26 17:28:31,65.3172,21.4794,52.09,65,37,10.63
495,Pochutla,MX,2021-05-26 17:28:32,15.7432,-96.4661,87.82,46,62,4.99
496,Tadine,NC,2021-05-26 17:28:32,-21.55,167.8833,69.66,74,5,10.89
497,Cap Malheureux,MU,2021-05-26 17:28:32,-19.9842,57.6142,73.89,79,2,3.0
498,Newport,GB,2021-05-26 17:28:32,51.5877,-2.9984,61.38,76,75,4.68
499,Freeport,US,2021-05-26 17:28:16,40.6576,-73.5832,90.5,74,40,5.01
500,Karumbakkam,IN,2021-05-26 17:28:33,12.6992,80.0933,90.77,57,100,21.65
501,Muzaffarabad,PK,2021-05-26 17:28:33,34.37,73.4711,71.24,46,0,7.07
502,Akdepe,TM,2021-05-26 17:26:15,42.0551,59.3788,89.69,17,99,8.19
503,Raudeberg,NO,2021-05-26 17:28:33,61.9875,5.1352,65.98,76,95,15.59
504,Vredendal,ZA,2021-05-26 17:28:34,-31.6683,18.5012,62.76,45,74,6.91
505,Ibara,JP,2021-05-26 17:28:34,34.6,133.4667,61.09,96,100,4.72
506,Chekmagush,RU,2021-05-26 17:28:34,55.1319,54.6556,54.97,72,59,7.29
507,Charters Towers,AU,2021-05-26 17:28:35,-20.1,146.2667,60.31,91,24,7.05
508,Teahupoo,PF,2021-05-26 17:28:35,-17.8333,-149.2667,69.76,77,35,8.52
509,Weilheim,DE,2021-05-26 17:28:35,47.8333,11.15,57.31,82,100,9.26
510,Zhanakorgan,KZ,2021-05-26 17:28:36,43.9098,67.2495,76.93,42,100,1.97
511,Rosrath,DE,2021-05-26 17:28:36,50.8956,7.1818,58.42,80,40,10.36
512,Isangel,VU,2021-05-26 17:24:16,-19.55,169.2667,70.36,77,16,6.51
513,Maha Sarakham,TH,2021-05-26 17:26:14,16.3333,103.6667,87.91,72,96,3.87
514,Sredniy Ikorets,RU,2021-05-26 17:28:36,51.0675,39.7584,66.09,61,85,4.34
515,Conde,BR,2021-05-26 17:28:37,-7.2597,-34.9075,85.46,54,20,16.33
516,El Reno,US,2021-05-26 17:28:37,35.5323,-97.955,81.46,83,90,10.36
517,Carupano,VE,2021-05-26 17:28:37,10.6678,-63.2585,82.58,71,28,12.88
518,Half Moon Bay,US,2021-05-26 17:24:36,37.4636,-122.4286,73.4,65,1,5.97
519,Traverse City,US,2021-05-26 17:28:38,44.7631,-85.6206,70.54,46,75,13.8
520,Malakal,SS,2021-05-26 17:28:38,9.5334,31.6605,89.74,43,74,8.9
521,Tromso,NO,2021-05-26 17:28:38,69.6496,18.957,52.45,57,0,16.11
522,Dagana,MR,2021-05-26 17:28:39,16.5165,-15.5068,106.79,9,45,11.45
523,Taltal,CL,2021-05-26 17:28:39,-25.4,-70.4833,68.83,60,89,2.39
524,Margate,GB,2021-05-26 17:28:39,51.3813,1.3862,59.22,62,58,4.0
525,Shieli,KZ,2021-05-26 17:28:39,44.1667,66.75,82.2,33,99,6.44
526,Imeni Poliny Osipenko,RU,2021-05-26 17:28:40,52.4201,136.4853,34.83,96,100,3.44
527,Kharan,PK,2021-05-26 17:28:40,28.5833,65.4167,93.63,7,0,8.88
528,Shemonaikha,KZ,2021-05-26 17:28:40,50.6328,81.9056,71.53,37,0,3.11
529,Bernardino De Campos,BR,2021-05-26 17:28:41,-23.0131,-49.4742,75.83,30,55,5.61
530,Krasnoselkup,RU,2021-05-26 17:28:41,65.7,82.4667,31.41,74,99,10.07
531,Cayenne,GF,2021-05-26 17:24:04,4.9333,-52.3333,86.04,83,40,7.0
532,Mandalgovi,MN,2021-05-26 17:28:41,45.7625,106.2708,50.25,56,46,20.24
533,Aleksinac,RS,2021-05-26 17:28:41,43.5417,21.7078,70.3,75,21,3.27
534,Lithakia,GR,2021-05-26 17:28:42,37.7167,20.8333,74.57,64,0,5.75
535,San Rafael Del Sur,NI,2021-05-26 17:28:42,11.8485,-86.4384,90.57,44,94,15.39
536,Rivera,UY,2021-05-26 17:28:42,-30.9053,-55.5508,67.05,47,0,4.92
537,Broken Hill,AU,2021-05-26 17:24:52,-31.95,141.4333,40.71,75,0,0.0
538,Ipixuna,BR,2021-05-26 17:28:43,-1.7625,-48.8043,89.55,46,26,2.66
539,Marzuq,YE,2021-05-26 17:28:43,14.4,46.4667,79.79,57,7,9.31
540,Jacareacanga,BR,2021-05-26 17:28:43,-6.2222,-57.7528,93.51,55,0,4.61
541,Muzhi,RU,2021-05-26 17:28:43,65.3667,64.6667,43.0,49,92,7.47
542,Worland,US,2021-05-26 17:28:44,44.0169,-107.9554,53.08,81,90,10.36
543,Aragats,AM,2021-05-26 17:28:44,40.4889,44.3528,54.97,79,72,5.77
544,Viedma,AR,2021-05-26 17:28:44,-40.8135,-62.9967,63.75,39,100,21.03
545,Enshi,CN,2021-05-26 17:28:45,30.3,109.4833,61.65,96,98,0.45
546,Tura,IN,2021-05-26 17:28:45,25.5198,90.2201,72.07,91,82,5.26
547,Qostanay,KZ,2021-05-26 17:28:45,53.1667,63.5833,64.9,43,62,8.55
548,Gao,ML,2021-05-26 17:28:46,16.6362,1.637,107.58,4,61,6.02
549,Ningxiang,CN,2021-05-26 17:28:46,37.34,111.2052,55.22,30,0,3.44
550,Diyarb Najm,EG,2021-05-26 17:28:46,30.7542,31.4393,89.58,29,0,10.54
551,Belaya Gora,RU,2021-05-26 17:28:47,68.5333,146.4167,46.58,68,93,12.53
552,Kumluca,TR,2021-05-26 17:28:47,36.3703,30.2869,76.6,61,0,1.97
553,Yar-Sale,RU,2021-05-26 17:28:47,66.8333,70.8333,35.62,64,48,14.16
554,Diffa,NE,2021-05-26 17:28:47,13.3154,12.6113,100.22,6,1,10.76
555,Mouila,GA,2021-05-26 17:25:06,-1.8685,11.0559,78.15,90,94,1.88
556,Beisfjord,NO,2021-05-26 17:28:48,68.3751,17.5988,53.65,78,30,5.86
557,Hereford,GB,2021-05-26 17:28:48,52.0568,-2.7148,60.94,67,99,4.52
558,Zeya,RU,2021-05-26 17:28:48,53.75,127.2667,40.42,90,100,3.94
559,Naron,ES,2021-05-26 17:28:49,43.5167,-8.1528,63.68,58,40,10.76
560,Leh,IN,2021-05-26 17:28:49,34.1667,77.5833,46.71,32,19,4.45
561,Kalmunai,LK,2021-05-26 17:28:49,7.4167,81.8167,83.12,59,100,9.69
562,Normandin,CA,2021-05-26 17:28:50,48.8333,-72.5321,71.91,73,100,20.71
